{
    "display": {
      "icon": {
        "item": "minecraft:saddle"
      },
      "title": "SitAnyWhere",
      "description": "Sit wherever you want",
      "background": "minecraft:textures/block/yellow_shulker_box.png",
      "show_toast": false,
      "announce_to_chat": false
    },
    "criteria": {
      "unlocked": {
        "trigger": "minecraft:recipe_unlocked",
        "conditions": {
          "recipe": "saddle_crafting:saddle"
        }
      }
    },
    "rewards": {
      "function": "seat_crafting:give_saddle"
    }
  }
  