{
  "type": "minecraft:entity",
  "pools": [
    {
      "rolls": 1,
      "entries": [
        {
          "type": "minecraft:item",
          "name": "minecraft:ghast_spawn_egg",
          "functions": [
            {
              "function": "minecraft:set_nbt",
              "tag": "{display:{Name:'{\"text\":\"Seat\",\"italic\":false}'},CustomModelData:687469,seat:1b,chairunstack:1b,EntityTag:{id:\"minecraft:armor_stand\",Silent:1b,Marker:1b,Invisible:1b,Tags:[\"chair.spawn\"],DisabledSlots:4144959}}"
            }
          ]
        }
      ]
    }
  ]
}
