{
  "criteria": {
    "requirement": {
      "trigger": "minecraft:item_used_on_block",
      "conditions": {
        "location": [
          {
            "condition": "minecraft:match_tool",
            "predicate": {
              "items": [
                "minecraft:ghast_spawn_egg"
              ],
              "nbt": "{seat:1b}"
            }
          },
          {
            "condition": "minecraft:inverted",
            "term": {
              "condition": "minecraft:any_of",
              "terms": [
                {
                  "condition": "minecraft:location_check",
                  "predicate": {
                    "block": {
                      "blocks": [
                        "minecraft:air",
                        "minecraft:cave_air",
                        "minecraft:void_air"
                      ]
                    }
                  }
                }
              ]
            }
          }
        ]
      }
    }
  },
  "rewards": {
    "function": "sit:chair/placed/seat"
  }
}