{
  "criteria": {
    "requirement": {
      "trigger": "minecraft:player_interacted_with_entity",
      "conditions": {
        "item": {
          "items": [
            "minecraft:diamond_sword",
            "minecraft:golden_sword",
            "minecraft:iron_sword",
            "minecraft:netherite_sword",
            "minecraft:stone_sword",
            "minecraft:wooden_sword"
          ]
        },
        "entity": [
          {
            "condition": "minecraft:entity_properties",
            "entity": "this",
            "predicate": {
              "type": "minecraft:pig",
              "nbt": "{Tags:[\"chair\"]}"
            }
          }
        ]
      }
    }
  },
  "rewards": {
    "function": "sit:chair/remove/seat_1"
  }
}
